hospital_id,year,month,date,total_discharges,total_charges,total_payments
H001,2023,1,2023-01-01,439,165958,101633
H001,2023,2,2023-02-01,321,104517,93696
H001,2023,3,2023-03-01,437,191940,107147
H001,2023,4,2023-04-01,520,204672,129953
H001,2023,5,2023-05-01,312,114859,77150
H001,2023,6,2023-06-01,364,135296,90173
H001,2023,7,2023-07-01,354,94183,62806
H001,2023,8,2023-08-01,287,120123,103794
H001,2023,9,2023-09-01,250,123008,96803
H001,2023,10,2023-10-01,227,135210,83588
H001,2023,11,2023-11-01,245,179885,168417
H001,2023,12,2023-12-01,425,120721,71112
H001,2024,1,2024-01-01,428,146453,87698
H001,2024,2,2024-02-01,404,101452,92699
H001,2024,3,2024-03-01,353,185944,125453
H001,2024,4,2024-04-01,410,167715,104644
H001,2024,5,2024-05-01,494,187674,173748
H001,2024,6,2024-06-01,444,154293,141756
H001,2024,7,2024-07-01,250,100164,56902
H001,2024,8,2024-08-01,279,113411,74685
H001,2024,9,2024-09-01,365,107686,71328
H001,2024,10,2024-10-01,320,88735,77277
H001,2024,11,2024-11-01,247,183908,157958
H001,2024,12,2024-12-01,294,86484,75775
H002,2023,1,2023-01-01,528,139300,96588
H002,2023,2,2023-02-01,367,286614,229096
H002,2023,3,2023-03-01,437,147122,99218
H002,2023,4,2023-04-01,427,262894,211635
H002,2023,5,2023-05-01,560,206609,123518
H002,2023,6,2023-06-01,477,237572,184002
H002,2023,7,2023-07-01,454,180919,137334
H002,2023,8,2023-08-01,352,106095,62930
H002,2023,9,2023-09-01,258,185312,125223
H002,2023,10,2023-10-01,369,226794,147351
H002,2023,11,2023-11-01,370,218993,140488
H002,2023,12,2023-12-01,315,163502,100470
H002,2024,1,2024-01-01,571,263392,211598
H002,2024,2,2024-02-01,584,276054,172431
H002,2024,3,2024-03-01,601,233163,203545
H002,2024,4,2024-04-01,591,189761,112721
H002,2024,5,2024-05-01,380,198984,174549
H002,2024,6,2024-06-01,514,119031,89784
H002,2024,7,2024-07-01,371,141400,84549
H002,2024,8,2024-08-01,332,231630,157341
H002,2024,9,2024-09-01,363,194215,135067
H002,2024,10,2024-10-01,472,234303,152463
H002,2024,11,2024-11-01,390,152857,101487
H002,2024,12,2024-12-01,305,213793,160573
H003,2023,1,2023-01-01,233,175960,166152
H003,2023,2,2023-02-01,263,212207,181362
H003,2023,3,2023-03-01,267,224498,156500
H003,2023,4,2023-04-01,336,206446,157788
H003,2023,5,2023-05-01,223,225059,152660
H003,2023,6,2023-06-01,224,104431,82120
H003,2023,7,2023-07-01,282,93644,70685
H003,2023,8,2023-08-01,200,160314,99354
H003,2023,9,2023-09-01,261,127601,117991
H003,2023,10,2023-10-01,187,125370,74643
H003,2023,11,2023-11-01,320,198791,129845
H003,2023,12,2023-12-01,302,206970,159797
H003,2024,1,2024-01-01,301,140809,82688
H003,2024,2,2024-02-01,386,246270,197814
H003,2024,3,2024-03-01,286,166938,140291
H003,2024,4,2024-04-01,386,244281,210558
H003,2024,5,2024-05-01,321,118419,72786
H003,2024,6,2024-06-01,342,179132,99181
H003,2024,7,2024-07-01,194,172669,95317
H003,2024,8,2024-08-01,191,149233,123379
H003,2024,9,2024-09-01,255,109364,91304
H003,2024,10,2024-10-01,202,123570,104861
H003,2024,11,2024-11-01,278,195356,158833
H003,2024,12,2024-12-01,287,111417,77667
H004,2023,1,2023-01-01,266,107359,97355
H004,2023,2,2023-02-01,235,152499,114535
H004,2023,3,2023-03-01,232,124839,78411
H004,2023,4,2023-04-01,247,101754,56954
H004,2023,5,2023-05-01,225,87074,80646
H004,2023,6,2023-06-01,245,145455,101536
H004,2023,7,2023-07-01,126,135633,97828
H004,2023,8,2023-08-01,214,130266,116093
H004,2023,9,2023-09-01,143,84295,75060
H004,2023,10,2023-10-01,149,69898,54011
H004,2023,11,2023-11-01,225,116860,90919
H004,2023,12,2023-12-01,146,119257,112819
H004,2024,1,2024-01-01,162,119121,107321
H004,2024,2,2024-02-01,249,142845,118703
H004,2024,3,2024-03-01,203,104852,91613
H004,2024,4,2024-04-01,258,159632,146110
H004,2024,5,2024-05-01,208,117542,102181
H004,2024,6,2024-06-01,210,126854,110149
H004,2024,7,2024-07-01,220,87926,61568
H004,2024,8,2024-08-01,127,100973,56986
H004,2024,9,2024-09-01,160,95994,63799
H004,2024,10,2024-10-01,177,59332,33518
H004,2024,11,2024-11-01,213,89720,53905
H004,2024,12,2024-12-01,195,132798,84503
H005,2023,1,2023-01-01,166,177221,135796
H005,2023,2,2023-02-01,259,214581,201779
H005,2023,3,2023-03-01,246,158751,137807
H005,2023,4,2023-04-01,206,172842,100487
H005,2023,5,2023-05-01,162,236872,209487
H005,2023,6,2023-06-01,236,149108,92345
H005,2023,7,2023-07-01,155,119037,91621
H005,2023,8,2023-08-01,208,157864,104501
H005,2023,9,2023-09-01,229,162715,125573
H005,2023,10,2023-10-01,196,130931,84986
H005,2023,11,2023-11-01,179,179447,99728
H005,2023,12,2023-12-01,163,102412,57995
H005,2024,1,2024-01-01,276,201052,148712
H005,2024,2,2024-02-01,181,180495,133455
H005,2024,3,2024-03-01,195,175159,124258
H005,2024,4,2024-04-01,256,201353,114392
H005,2024,5,2024-05-01,210,190292,142957
H005,2024,6,2024-06-01,257,181240,111494
H005,2024,7,2024-07-01,145,165710,92897
H005,2024,8,2024-08-01,193,189213,147622
H005,2024,9,2024-09-01,168,152369,111732
H005,2024,10,2024-10-01,189,189351,133386
H005,2024,11,2024-11-01,250,197001,123778
H005,2024,12,2024-12-01,157,109459,61000
H006,2023,1,2023-01-01,265,109274,97029
H006,2023,2,2023-02-01,268,168094,111402
H006,2023,3,2023-03-01,295,158209,126816
H006,2023,4,2023-04-01,461,159563,139041
H006,2023,5,2023-05-01,311,94806,80608
H006,2023,6,2023-06-01,394,165508,118346
H006,2023,7,2023-07-01,284,134263,92147
H006,2023,8,2023-08-01,364,133078,96028
H006,2023,9,2023-09-01,325,121609,71901
H006,2023,10,2023-10-01,359,103858,91455
H006,2023,11,2023-11-01,274,144740,102140
H006,2023,12,2023-12-01,235,157413,92325
H006,2024,1,2024-01-01,319,173786,161663
H006,2024,2,2024-02-01,392,148471,108291
H006,2024,3,2024-03-01,335,117958,96608
H006,2024,4,2024-04-01,433,165634,143413
H006,2024,5,2024-05-01,270,127209,72893
H006,2024,6,2024-06-01,342,113305,102550
H006,2024,7,2024-07-01,280,76267,46309
H006,2024,8,2024-08-01,335,113205,66841
H006,2024,9,2024-09-01,212,117279,67916
H006,2024,10,2024-10-01,345,120488,70189
H006,2024,11,2024-11-01,231,152755,106883
H006,2024,12,2024-12-01,307,148609,138042
H007,2023,1,2023-01-01,267,156775,112829
H007,2023,2,2023-02-01,299,108460,81025
H007,2023,3,2023-03-01,173,156209,89432
H007,2023,4,2023-04-01,185,109257,88463
H007,2023,5,2023-05-01,262,159766,149360
H007,2023,6,2023-06-01,197,115442,103602
H007,2023,7,2023-07-01,164,176637,98009
H007,2023,8,2023-08-01,237,76922,69726
H007,2023,9,2023-09-01,184,165133,95697
H007,2023,10,2023-10-01,191,166742,126597
H007,2023,11,2023-11-01,212,149060,109084
H007,2023,12,2023-12-01,229,148725,135408
H007,2024,1,2024-01-01,166,123531,114904
H007,2024,2,2024-02-01,297,151842,121177
H007,2024,3,2024-03-01,212,120249,88440
H007,2024,4,2024-04-01,219,167962,97601
H007,2024,5,2024-05-01,294,208035,172516
H007,2024,6,2024-06-01,217,118097,103396
H007,2024,7,2024-07-01,218,94093,86035
H007,2024,8,2024-08-01,221,164851,138522
H007,2024,9,2024-09-01,193,110682,102169
H007,2024,10,2024-10-01,226,77122,43230
H007,2024,11,2024-11-01,182,160896,152032
H007,2024,12,2024-12-01,168,149819,105226
H008,2023,1,2023-01-01,291,186491,106775
H008,2023,2,2023-02-01,393,299347,284345
H008,2023,3,2023-03-01,426,254480,218240
H008,2023,4,2023-04-01,409,306385,198825
H008,2023,5,2023-05-01,298,160205,149250
H008,2023,6,2023-06-01,304,165892,135812
H008,2023,7,2023-07-01,283,173759,103460
H008,2023,8,2023-08-01,274,187360,160928
H008,2023,9,2023-09-01,246,230851,177931
H008,2023,10,2023-10-01,257,239918,170676
H008,2023,11,2023-11-01,206,122112,104046
H008,2023,12,2023-12-01,306,246484,156563
H008,2024,1,2024-01-01,240,139319,96162
H008,2024,2,2024-02-01,340,218777,158611
H008,2024,3,2024-03-01,408,214093,161767
H008,2024,4,2024-04-01,378,219600,175424
H008,2024,5,2024-05-01,374,309697,188552
H008,2024,6,2024-06-01,359,210554,137554
H008,2024,7,2024-07-01,258,271267,202649
H008,2024,8,2024-08-01,223,204040,131821
H008,2024,9,2024-09-01,181,126634,76134
H008,2024,10,2024-10-01,196,131095,105708
H008,2024,11,2024-11-01,214,171799,156116
H008,2024,12,2024-12-01,281,240293,148724
H009,2023,1,2023-01-01,204,79598,47619
H009,2023,2,2023-02-01,260,95397,66368
H009,2023,3,2023-03-01,271,146240,82731
H009,2023,4,2023-04-01,314,137450,80092
H009,2023,5,2023-05-01,310,158576,91090
H009,2023,6,2023-06-01,204,137389,116685
H009,2023,7,2023-07-01,176,78344,54698
H009,2023,8,2023-08-01,203,105104,73316
H009,2023,9,2023-09-01,196,112373,63454
H009,2023,10,2023-10-01,174,112409,102076
H009,2023,11,2023-11-01,219,104702,62074
H009,2023,12,2023-12-01,228,113235,73261
H009,2024,1,2024-01-01,218,106986,59701
H009,2024,2,2024-02-01,238,95907,65312
H009,2024,3,2024-03-01,209,166559,131154
H009,2024,4,2024-04-01,295,153537,115057
H009,2024,5,2024-05-01,190,122154,95858
H009,2024,6,2024-06-01,270,104322,62700
H009,2024,7,2024-07-01,189,90898,73478
H009,2024,8,2024-08-01,214,84966,80259
H009,2024,9,2024-09-01,213,74083,43761
H009,2024,10,2024-10-01,162,76506,46995
H009,2024,11,2024-11-01,177,84529,52352
H009,2024,12,2024-12-01,292,73297,55691
H010,2023,1,2023-01-01,273,145593,136535
H010,2023,2,2023-02-01,457,208918,136457
H010,2023,3,2023-03-01,306,192494,177431
H010,2023,4,2023-04-01,387,176194,116638
H010,2023,5,2023-05-01,414,118854,80757
H010,2023,6,2023-06-01,317,148386,96000
H010,2023,7,2023-07-01,236,148499,98818
H010,2023,8,2023-08-01,302,92844,68932
H010,2023,9,2023-09-01,287,80416,55056
H010,2023,10,2023-10-01,225,83503,78992
H010,2023,11,2023-11-01,274,170246,110975
H010,2023,12,2023-12-01,368,178192,140460
H010,2024,1,2024-01-01,350,147367,101616
H010,2024,2,2024-02-01,471,210724,197239
H010,2024,3,2024-03-01,295,200937,185934
H010,2024,4,2024-04-01,303,108853,92138
H010,2024,5,2024-05-01,372,201907,122337
H010,2024,6,2024-06-01,390,112282,69105
H010,2024,7,2024-07-01,245,170759,139352
H010,2024,8,2024-08-01,292,113835,102551
H010,2024,9,2024-09-01,263,157117,114012
H010,2024,10,2024-10-01,267,124497,83481
H010,2024,11,2024-11-01,352,136723,87897
H010,2024,12,2024-12-01,411,133788,102671
H011,2023,1,2023-01-01,271,274001,219497
H011,2023,2,2023-02-01,333,151557,131492
H011,2023,3,2023-03-01,404,222628,202047
H011,2023,4,2023-04-01,434,153671,103680
H011,2023,5,2023-05-01,299,242239,136480
H011,2023,6,2023-06-01,341,228131,205479
H011,2023,7,2023-07-01,274,219224,130274
H011,2023,8,2023-08-01,344,115162,81640
H011,2023,9,2023-09-01,328,115377,74037
H011,2023,10,2023-10-01,323,192928,155588
H011,2023,11,2023-11-01,338,180363,117365
H011,2023,12,2023-12-01,297,140517,128345
H011,2024,1,2024-01-01,370,186607,137119
H011,2024,2,2024-02-01,470,153956,120777
H011,2024,3,2024-03-01,378,236157,131597
H011,2024,4,2024-04-01,453,286681,222479
H011,2024,5,2024-05-01,394,271191,225873
H011,2024,6,2024-06-01,259,200050,158576
H011,2024,7,2024-07-01,289,207391,191576
H011,2024,8,2024-08-01,358,157598,93817
H011,2024,9,2024-09-01,359,203711,122199
H011,2024,10,2024-10-01,357,212596,161048
H011,2024,11,2024-11-01,320,160311,91682
H011,2024,12,2024-12-01,295,234224,129257
H012,2023,1,2023-01-01,195,96586,66503
H012,2023,2,2023-02-01,182,90433,66096
H012,2023,3,2023-03-01,170,74402,45113
H012,2023,4,2023-04-01,162,75894,54459
H012,2023,5,2023-05-01,238,64342,50330
H012,2023,6,2023-06-01,192,41058,33479
H012,2023,7,2023-07-01,132,85160,51902
H012,2023,8,2023-08-01,146,39107,37102
H012,2023,9,2023-09-01,151,61531,35492
H012,2023,10,2023-10-01,178,44939,40859
H012,2023,11,2023-11-01,135,46818,26434
H012,2023,12,2023-12-01,175,70745,40769
H012,2024,1,2024-01-01,222,69599,52878
H012,2024,2,2024-02-01,193,69960,54138
H012,2024,3,2024-03-01,162,57664,51592
H012,2024,4,2024-04-01,254,68291,44955
H012,2024,5,2024-05-01,207,67022,37542
H012,2024,6,2024-06-01,141,78877,64171
H012,2024,7,2024-07-01,117,48375,31077
H012,2024,8,2024-08-01,170,36034,21319
H012,2024,9,2024-09-01,178,42466,34444
H012,2024,10,2024-10-01,130,39767,25739
H012,2024,11,2024-11-01,186,79915,70492
H012,2024,12,2024-12-01,167,76301,48221
H013,2023,1,2023-01-01,282,96659,61200
H013,2023,2,2023-02-01,300,113260,88707
H013,2023,3,2023-03-01,406,203298,178287
H013,2023,4,2023-04-01,379,122744,86151
H013,2023,5,2023-05-01,420,117779,94183
H013,2023,6,2023-06-01,350,140123,101512
H013,2023,7,2023-07-01,300,169075,144633
H013,2023,8,2023-08-01,253,151550,112900
H013,2023,9,2023-09-01,390,141773,102088
H013,2023,10,2023-10-01,230,95387,73128
H013,2023,11,2023-11-01,370,100331,60774
H013,2023,12,2023-12-01,445,186653,141907
H013,2024,1,2024-01-01,320,118270,65918
H013,2024,2,2024-02-01,523,105516,82366
H013,2024,3,2024-03-01,368,161406,130830
H013,2024,4,2024-04-01,502,116299,64475
H013,2024,5,2024-05-01,311,190889,171715
H013,2024,6,2024-06-01,392,145340,118599
H013,2024,7,2024-07-01,276,165686,118881
H013,2024,8,2024-08-01,300,118819,67582
H013,2024,9,2024-09-01,252,136118,79373
H013,2024,10,2024-10-01,342,93202,65774
H013,2024,11,2024-11-01,299,110066,92193
H013,2024,12,2024-12-01,325,141669,104894
H014,2023,1,2023-01-01,439,132146,74328
H014,2023,2,2023-02-01,347,193613,110469
H014,2023,3,2023-03-01,411,197315,134903
H014,2023,4,2023-04-01,471,123300,71520
H014,2023,5,2023-05-01,438,170567,140779
H014,2023,6,2023-06-01,344,126935,111403
H014,2023,7,2023-07-01,391,170241,112164
H014,2023,8,2023-08-01,329,123145,72240
H014,2023,9,2023-09-01,381,96028,89315
H014,2023,10,2023-10-01,302,103654,79477
H014,2023,11,2023-11-01,406,174663,152415
H014,2023,12,2023-12-01,393,183736,163465
H014,2024,1,2024-01-01,327,169736,108373
H014,2024,2,2024-02-01,524,243846,137960
H014,2024,3,2024-03-01,463,245428,152712
H014,2024,4,2024-04-01,422,239734,135108
H014,2024,5,2024-05-01,431,143432,131922
H014,2024,6,2024-06-01,460,215838,159652
H014,2024,7,2024-07-01,404,187900,127328
H014,2024,8,2024-08-01,374,87235,68785
H014,2024,9,2024-09-01,255,94268,54749
H014,2024,10,2024-10-01,349,120806,101465
H014,2024,11,2024-11-01,245,125532,96131
H014,2024,12,2024-12-01,421,136152,108970
H015,2023,1,2023-01-01,299,129521,116314
H015,2023,2,2023-02-01,267,285616,217517
H015,2023,3,2023-03-01,482,277112,263027
H015,2023,4,2023-04-01,341,266716,189574
H015,2023,5,2023-05-01,352,230393,207231
H015,2023,6,2023-06-01,428,236220,169394
H015,2023,7,2023-07-01,292,214087,138195
H015,2023,8,2023-08-01,221,149537,99426
H015,2023,9,2023-09-01,247,130079,73733
H015,2023,10,2023-10-01,205,235242,169635
H015,2023,11,2023-11-01,285,205749,131124
H015,2023,12,2023-12-01,421,239032,140016
H015,2024,1,2024-01-01,339,272476,252828
H015,2024,2,2024-02-01,367,239682,147839
H015,2024,3,2024-03-01,494,175643,162837
H015,2024,4,2024-04-01,408,238685,180225
H015,2024,5,2024-05-01,299,154965,98897
H015,2024,6,2024-06-01,269,237980,164218
H015,2024,7,2024-07-01,225,247406,223534
H015,2024,8,2024-08-01,363,236215,146348
H015,2024,9,2024-09-01,264,199460,165234
H015,2024,10,2024-10-01,228,211973,135615
H015,2024,11,2024-11-01,256,185216,145797
H015,2024,12,2024-12-01,347,130922,117958
H016,2023,1,2023-01-01,299,191593,171447
H016,2023,2,2023-02-01,302,165911,127808
H016,2023,3,2023-03-01,195,139206,97315
H016,2023,4,2023-04-01,218,173960,130183
H016,2023,5,2023-05-01,181,108979,89722
H016,2023,6,2023-06-01,168,167313,125159
H016,2023,7,2023-07-01,206,129750,114163
H016,2023,8,2023-08-01,178,129832,100787
H016,2023,9,2023-09-01,165,144651,125697
H016,2023,10,2023-10-01,215,145521,130520
H016,2023,11,2023-11-01,235,153392,127160
H016,2023,12,2023-12-01,250,143008,121712
H016,2024,1,2024-01-01,193,183193,164642
H016,2024,2,2024-02-01,183,186050,111917
H016,2024,3,2024-03-01,234,179468,110247
H016,2024,4,2024-04-01,304,186795,140654
H016,2024,5,2024-05-01,170,116489,92815
H016,2024,6,2024-06-01,291,144388,94418
H016,2024,7,2024-07-01,225,124683,107469
H016,2024,8,2024-08-01,150,137379,105301
H016,2024,9,2024-09-01,245,96978,77878
H016,2024,10,2024-10-01,247,77508,71686
H016,2024,11,2024-11-01,232,79048,52992
H016,2024,12,2024-12-01,254,85406,66861
H017,2023,1,2023-01-01,346,102972,96731
H017,2023,2,2023-02-01,641,100096,60261
H017,2023,3,2023-03-01,588,52620,29406
H017,2023,4,2023-04-01,447,82674,70947
H017,2023,5,2023-05-01,528,75943,50080
H017,2023,6,2023-06-01,575,69479,50758
H017,2023,7,2023-07-01,327,84411,69847
H017,2023,8,2023-08-01,320,42783,35176
H017,2023,9,2023-09-01,411,51379,47800
H017,2023,10,2023-10-01,304,60770,56360
H017,2023,11,2023-11-01,390,75871,53795
H017,2023,12,2023-12-01,382,102430,73107
H017,2024,1,2024-01-01,588,62230,39531
H017,2024,2,2024-02-01,359,93556,65246
H017,2024,3,2024-03-01,620,83096,77884
H017,2024,4,2024-04-01,406,108037,92980
H017,2024,5,2024-05-01,553,101273,86528
H017,2024,6,2024-06-01,476,52057,29308
H017,2024,7,2024-07-01,513,74676,64864
H017,2024,8,2024-08-01,381,44578,26750
H017,2024,9,2024-09-01,418,59265,37349
H017,2024,10,2024-10-01,383,41849,32758
H017,2024,11,2024-11-01,352,84561,57006
H017,2024,12,2024-12-01,431,44990,26048
H018,2023,1,2023-01-01,279,26874,22251
H018,2023,2,2023-02-01,336,41486,23474
H018,2023,3,2023-03-01,278,23596,15262
H018,2023,4,2023-04-01,357,24202,18140
H018,2023,5,2023-05-01,282,37473,28998
H018,2023,6,2023-06-01,172,25835,19559
H018,2023,7,2023-07-01,170,24433,13762
H018,2023,8,2023-08-01,159,23950,14443
H018,2023,9,2023-09-01,216,29365,25554
H018,2023,10,2023-10-01,174,19159,11338
H018,2023,11,2023-11-01,245,32333,18191
H018,2023,12,2023-12-01,309,19247,14753
H018,2024,1,2024-01-01,296,41821,34947
H018,2024,2,2024-02-01,326,29543,25877
H018,2024,3,2024-03-01,210,45396,34911
H018,2024,4,2024-04-01,329,32604,26325
H018,2024,5,2024-05-01,267,38225,22271
H018,2024,6,2024-06-01,180,23930,14688
H018,2024,7,2024-07-01,277,21516,20232
H018,2024,8,2024-08-01,192,19464,16853
H018,2024,9,2024-09-01,228,25463,19661
H018,2024,10,2024-10-01,241,20432,19380
H018,2024,11,2024-11-01,291,31087,19579
H018,2024,12,2024-12-01,271,19732,11094
H019,2023,1,2023-01-01,353,84569,71636
H019,2023,2,2023-02-01,290,65947,46058
H019,2023,3,2023-03-01,399,48390,43396
H019,2023,4,2023-04-01,318,71524,60087
H019,2023,5,2023-05-01,286,92942,84603
H019,2023,6,2023-06-01,256,54685,43033
H019,2023,7,2023-07-01,310,47324,37820
H019,2023,8,2023-08-01,252,68725,41415
H019,2023,9,2023-09-01,258,75101,46703
H019,2023,10,2023-10-01,197,79766,49645
H019,2023,11,2023-11-01,301,61197,39710
H019,2023,12,2023-12-01,328,63657,48120
H019,2024,1,2024-01-01,264,76885,47315
H019,2024,2,2024-02-01,284,103465,67588
H019,2024,3,2024-03-01,338,65850,56590
H019,2024,4,2024-04-01,236,103490,75704
H019,2024,5,2024-05-01,243,47145,29131
H019,2024,6,2024-06-01,272,57890,51033
H019,2024,7,2024-07-01,238,49199,39204
H019,2024,8,2024-08-01,263,42494,26220
H019,2024,9,2024-09-01,165,67286,54873
H019,2024,10,2024-10-01,230,73871,64435
H019,2024,11,2024-11-01,261,79719,50409
H019,2024,12,2024-12-01,206,54308,31109
H020,2023,1,2023-01-01,301,114450,83649
H020,2023,2,2023-02-01,551,147061,110721
H020,2023,3,2023-03-01,322,126117,119136
H020,2023,4,2023-04-01,559,104133,96919
H020,2023,5,2023-05-01,450,212325,155399
H020,2023,6,2023-06-01,390,151235,123520
H020,2023,7,2023-07-01,280,88076,59290
H020,2023,8,2023-08-01,378,101105,82842
H020,2023,9,2023-09-01,421,87568,71721
H020,2023,10,2023-10-01,325,171878,106712
H020,2023,11,2023-11-01,399,179333,166393
H020,2023,12,2023-12-01,429,152252,121365
H020,2024,1,2024-01-01,508,173308,97425
H020,2024,2,2024-02-01,550,198562,162941
H020,2024,3,2024-03-01,369,197792,139946
H020,2024,4,2024-04-01,476,118155,96076
H020,2024,5,2024-05-01,540,104752,98557
H020,2024,6,2024-06-01,365,197858,170742
H020,2024,7,2024-07-01,372,168078,151506
H020,2024,8,2024-08-01,317,114401,93469
H020,2024,9,2024-09-01,389,156924,136386
H020,2024,10,2024-10-01,323,166534,99601
H020,2024,11,2024-11-01,367,85341,58017
H020,2024,12,2024-12-01,355,139922,115881
H021,2023,1,2023-01-01,163,40891,26207
H021,2023,2,2023-02-01,152,51787,42324
H021,2023,3,2023-03-01,223,47258,33171
H021,2023,4,2023-04-01,249,48559,36014
H021,2023,5,2023-05-01,139,39726,27890
H021,2023,6,2023-06-01,170,45045,34389
H021,2023,7,2023-07-01,178,47453,41530
H021,2023,8,2023-08-01,178,50253,28005
H021,2023,9,2023-09-01,125,21806,17640
H021,2023,10,2023-10-01,195,29273,26954
H021,2023,11,2023-11-01,123,52764,36441
H021,2023,12,2023-12-01,137,41852,27317
H021,2024,1,2024-01-01,169,38489,33532
H021,2024,2,2024-02-01,209,40609,32248
H021,2024,3,2024-03-01,235,39825,28491
H021,2024,4,2024-04-01,158,35629,29302
H021,2024,5,2024-05-01,157,46421,38697
H021,2024,6,2024-06-01,138,44609,29112
H021,2024,7,2024-07-01,213,38640,33709
H021,2024,8,2024-08-01,162,23378,18778
H021,2024,9,2024-09-01,195,38905,34145
H021,2024,10,2024-10-01,193,28819,18294
H021,2024,11,2024-11-01,178,36368,32220
H021,2024,12,2024-12-01,224,37366,24091
H022,2023,1,2023-01-01,273,196579,160608
H022,2023,2,2023-02-01,182,241848,176720
H022,2023,3,2023-03-01,257,164477,138941
H022,2023,4,2023-04-01,293,170180,100114
H022,2023,5,2023-05-01,163,233129,184833
H022,2023,6,2023-06-01,218,152984,108062
H022,2023,7,2023-07-01,208,179674,169812
H022,2023,8,2023-08-01,144,195901,139428
H022,2023,9,2023-09-01,173,194350,160722
H022,2023,10,2023-10-01,239,119073,70448
H022,2023,11,2023-11-01,223,191436,126283
H022,2023,12,2023-12-01,159,130193,118173
H022,2024,1,2024-01-01,186,179770,115171
H022,2024,2,2024-02-01,219,144247,109284
H022,2024,3,2024-03-01,181,277771,178741
H022,2024,4,2024-04-01,246,286951,232531
H022,2024,5,2024-05-01,233,179931,122928
H022,2024,6,2024-06-01,234,271731,221388
H022,2024,7,2024-07-01,203,213379,157064
H022,2024,8,2024-08-01,136,177892,165982
H022,2024,9,2024-09-01,145,190696,120209
H022,2024,10,2024-10-01,189,114774,83802
H022,2024,11,2024-11-01,227,158173,129063
H022,2024,12,2024-12-01,250,261299,168239
H023,2023,1,2023-01-01,233,193516,148229
H023,2023,2,2023-02-01,228,154151,123233
H023,2023,3,2023-03-01,145,185818,111692
H023,2023,4,2023-04-01,226,185816,154877
H023,2023,5,2023-05-01,130,121525,79628
H023,2023,6,2023-06-01,153,89915,83151
H023,2023,7,2023-07-01,160,104806,74285
H023,2023,8,2023-08-01,141,126144,95399
H023,2023,9,2023-09-01,178,113775,107729
H023,2023,10,2023-10-01,176,89524,82562
H023,2023,11,2023-11-01,119,155636,109295
H023,2023,12,2023-12-01,206,173688,151520
H023,2024,1,2024-01-01,212,121704,70876
H023,2024,2,2024-02-01,178,112012,92743
H023,2024,3,2024-03-01,175,213018,171775
H023,2024,4,2024-04-01,226,107039,95779
H023,2024,5,2024-05-01,226,142750,113129
H023,2024,6,2024-06-01,194,99275,74558
H023,2024,7,2024-07-01,145,89003,62036
H023,2024,8,2024-08-01,108,72460,43770
H023,2024,9,2024-09-01,182,118571,111021
H023,2024,10,2024-10-01,140,99172,74622
H023,2024,11,2024-11-01,149,84961,68506
H023,2024,12,2024-12-01,139,147016,119094
H024,2023,1,2023-01-01,216,336935,193101
H024,2023,2,2023-02-01,345,351873,227194
H024,2023,3,2023-03-01,247,180004,120838
H024,2023,4,2023-04-01,235,292706,168281
H024,2023,5,2023-05-01,296,337289,295326
H024,2023,6,2023-06-01,292,189733,151702
H024,2023,7,2023-07-01,257,195414,117694
H024,2023,8,2023-08-01,293,187519,117733
H024,2023,9,2023-09-01,214,177744,156595
H024,2023,10,2023-10-01,271,237459,131650
H024,2023,11,2023-11-01,240,204596,114098
H024,2023,12,2023-12-01,234,271291,164088
H024,2024,1,2024-01-01,300,186381,103413
H024,2024,2,2024-02-01,261,350289,304966
H024,2024,3,2024-03-01,401,255707,151862
H024,2024,4,2024-04-01,318,244444,217003
H024,2024,5,2024-05-01,223,239105,145858
H024,2024,6,2024-06-01,245,267172,197816
H024,2024,7,2024-07-01,234,190162,139536
H024,2024,8,2024-08-01,279,256648,239230
H024,2024,9,2024-09-01,272,162671,134244
H024,2024,10,2024-10-01,229,157024,139178
H024,2024,11,2024-11-01,183,274451,201609
H024,2024,12,2024-12-01,296,253160,229881
H025,2023,1,2023-01-01,362,248791,151779
H025,2023,2,2023-02-01,588,260223,213927
H025,2023,3,2023-03-01,380,175164,146529
H025,2023,4,2023-04-01,382,169312,93941
H025,2023,5,2023-05-01,624,291767,201698
H025,2023,6,2023-06-01,400,200652,172532
H025,2023,7,2023-07-01,462,157838,97803
H025,2023,8,2023-08-01,301,223897,191599
H025,2023,9,2023-09-01,332,119566,69691
H025,2023,10,2023-10-01,508,165972,142352
H025,2023,11,2023-11-01,453,191044,120792
H025,2023,12,2023-12-01,352,249060,214155
H025,2024,1,2024-01-01,532,251124,142332
H025,2024,2,2024-02-01,660,319287,213005
H025,2024,3,2024-03-01,675,283664,222100
H025,2024,4,2024-04-01,591,321978,261636
H025,2024,5,2024-05-01,380,213458,196644
H025,2024,6,2024-06-01,380,204751,148000
H025,2024,7,2024-07-01,406,230031,213291
H025,2024,8,2024-08-01,335,138357,87024
H025,2024,9,2024-09-01,477,216478,143819
H025,2024,10,2024-10-01,471,255818,227321
H025,2024,11,2024-11-01,527,169154,144122
H025,2024,12,2024-12-01,445,290476,244405
H026,2023,1,2023-01-01,328,232404,219358
H026,2023,2,2023-02-01,540,149612,92149
H026,2023,3,2023-03-01,339,283358,248537
H026,2023,4,2023-04-01,354,236885,209946
H026,2023,5,2023-05-01,464,231904,182308
H026,2023,6,2023-06-01,380,174876,135705
H026,2023,7,2023-07-01,390,250671,201668
H026,2023,8,2023-08-01,381,132190,97109
H026,2023,9,2023-09-01,227,141426,118880
H026,2023,10,2023-10-01,427,123345,87648
H026,2023,11,2023-11-01,413,147320,113736
H026,2023,12,2023-12-01,432,228036,142570
H026,2024,1,2024-01-01,372,275253,212410
H026,2024,2,2024-02-01,301,285010,160781
H026,2024,3,2024-03-01,500,182857,170647
H026,2024,4,2024-04-01,394,203136,123822
H026,2024,5,2024-05-01,359,291917,276893
H026,2024,6,2024-06-01,349,200094,167844
H026,2024,7,2024-07-01,431,207390,146543
H026,2024,8,2024-08-01,312,209980,115759
H026,2024,9,2024-09-01,345,156867,136110
H026,2024,10,2024-10-01,249,194377,144303
H026,2024,11,2024-11-01,380,125828,98396
H026,2024,12,2024-12-01,392,218800,173157
H027,2023,1,2023-01-01,390,243311,182313
H027,2023,2,2023-02-01,355,131283,89757
H027,2023,3,2023-03-01,568,240890,208477
H027,2023,4,2023-04-01,481,193250,117685
H027,2023,5,2023-05-01,406,182905,107079
H027,2023,6,2023-06-01,351,193741,163568
H027,2023,7,2023-07-01,507,223725,180551
H027,2023,8,2023-08-01,349,173318,149791
H027,2023,9,2023-09-01,276,141677,125514
H027,2023,10,2023-10-01,341,165278,129761
H027,2023,11,2023-11-01,316,147842,101095
H027,2023,12,2023-12-01,302,111252,98199
H027,2024,1,2024-01-01,391,195891,131147
H027,2024,2,2024-02-01,602,163877,118296
H027,2024,3,2024-03-01,593,263076,164275
H027,2024,4,2024-04-01,563,196171,145791
H027,2024,5,2024-05-01,353,128310,107931
H027,2024,6,2024-06-01,421,170551,143570
H027,2024,7,2024-07-01,452,120815,95937
H027,2024,8,2024-08-01,286,187722,152577
H027,2024,9,2024-09-01,456,100032,57300
H027,2024,10,2024-10-01,319,126497,82070
H027,2024,11,2024-11-01,485,132863,87527
H027,2024,12,2024-12-01,487,172403,148384
H028,2023,1,2023-01-01,229,78721,71838
H028,2023,2,2023-02-01,262,130572,93285
H028,2023,3,2023-03-01,310,170969,95525
H028,2023,4,2023-04-01,368,174453,135038
H028,2023,5,2023-05-01,402,77714,55761
H028,2023,6,2023-06-01,254,133439,125768
H028,2023,7,2023-07-01,234,117042,73647
H028,2023,8,2023-08-01,268,95179,89354
H028,2023,9,2023-09-01,268,84216,50162
H028,2023,10,2023-10-01,204,76470,49735
H028,2023,11,2023-11-01,332,109294,82993
H028,2023,12,2023-12-01,228,145092,121750
H028,2024,1,2024-01-01,236,141220,108374
H028,2024,2,2024-02-01,251,123025,91515
H028,2024,3,2024-03-01,273,175722,156390
H028,2024,4,2024-04-01,369,123432,88217
H028,2024,5,2024-05-01,348,125488,72144
H028,2024,6,2024-06-01,299,140249,102900
H028,2024,7,2024-07-01,200,128053,80743
H028,2024,8,2024-08-01,220,71718,48917
H028,2024,9,2024-09-01,291,97228,61443
H028,2024,10,2024-10-01,317,127768,114765
H028,2024,11,2024-11-01,231,100127,94519
H028,2024,12,2024-12-01,345,70031,40343
H029,2023,1,2023-01-01,445,156791,92849
H029,2023,2,2023-02-01,500,207628,145789
H029,2023,3,2023-03-01,542,230459,145536
H029,2023,4,2023-04-01,464,136975,118776
H029,2023,5,2023-05-01,455,173976,151213
H029,2023,6,2023-06-01,379,194626,148540
H029,2023,7,2023-07-01,297,156330,135585
H029,2023,8,2023-08-01,313,163454,149144
H029,2023,9,2023-09-01,298,172231,104421
H029,2023,10,2023-10-01,289,95013,86233
H029,2023,11,2023-11-01,409,97535,70823
H029,2023,12,2023-12-01,433,97420,87967
H029,2024,1,2024-01-01,514,157720,147760
H029,2024,2,2024-02-01,435,229024,187151
H029,2024,3,2024-03-01,503,123122,111150
H029,2024,4,2024-04-01,437,120479,66871
H029,2024,5,2024-05-01,450,160509,134465
H029,2024,6,2024-06-01,499,96946,81686
H029,2024,7,2024-07-01,304,173876,152597
H029,2024,8,2024-08-01,361,148510,100354
H029,2024,9,2024-09-01,338,156147,114566
H029,2024,10,2024-10-01,322,126539,111518
H029,2024,11,2024-11-01,337,99877,83377
H029,2024,12,2024-12-01,484,99428,64225
H030,2023,1,2023-01-01,262,133899,108519
H030,2023,2,2023-02-01,305,103511,91770
H030,2023,3,2023-03-01,284,165249,132803
H030,2023,4,2023-04-01,220,133916,91068
H030,2023,5,2023-05-01,301,73223,45394
H030,2023,6,2023-06-01,305,81207,71853
H030,2023,7,2023-07-01,202,107071,88618
H030,2023,8,2023-08-01,220,76307,48459
H030,2023,9,2023-09-01,154,74448,60397
H030,2023,10,2023-10-01,276,117226,100395
H030,2023,11,2023-11-01,273,108771,71148
H030,2023,12,2023-12-01,313,118067,91404
H030,2024,1,2024-01-01,207,106940,78509
H030,2024,2,2024-02-01,347,121754,85490
H030,2024,3,2024-03-01,372,82258,59145
H030,2024,4,2024-04-01,206,139900,128320
H030,2024,5,2024-05-01,235,143683,95820
H030,2024,6,2024-06-01,314,124984,108981
H030,2024,7,2024-07-01,165,131665,110686
H030,2024,8,2024-08-01,193,114203,75671
H030,2024,9,2024-09-01,262,60930,50661
H030,2024,10,2024-10-01,224,61211,39588
H030,2024,11,2024-11-01,164,93687,62817
H030,2024,12,2024-12-01,266,87029,58306
H031,2023,1,2023-01-01,549,189457,110185
H031,2023,2,2023-02-01,394,328843,185424
H031,2023,3,2023-03-01,499,378215,337473
H031,2023,4,2023-04-01,473,173225,152879
H031,2023,5,2023-05-01,471,175197,102935
H031,2023,6,2023-06-01,515,267412,235781
H031,2023,7,2023-07-01,470,230375,174388
H031,2023,8,2023-08-01,345,174923,126615
H031,2023,9,2023-09-01,409,216525,196390
H031,2023,10,2023-10-01,347,222491,178554
H031,2023,11,2023-11-01,404,253183,163296
H031,2023,12,2023-12-01,417,160956,113281
H031,2024,1,2024-01-01,441,284029,264207
H031,2024,2,2024-02-01,496,317988,239288
H031,2024,3,2024-03-01,514,177886,115938
H031,2024,4,2024-04-01,429,260270,147900
H031,2024,5,2024-05-01,348,207987,195219
H031,2024,6,2024-06-01,372,232146,145889
H031,2024,7,2024-07-01,408,179640,113675
H031,2024,8,2024-08-01,363,123863,68504
H031,2024,9,2024-09-01,292,126001,74745
H031,2024,10,2024-10-01,325,254542,198242
H031,2024,11,2024-11-01,385,181872,167813
H031,2024,12,2024-12-01,388,157728,125681
H032,2023,1,2023-01-01,281,153929,115049
H032,2023,2,2023-02-01,330,173603,104612
H032,2023,3,2023-03-01,259,116040,83401
H032,2023,4,2023-04-01,279,165116,137973
H032,2023,5,2023-05-01,298,100397,88300
H032,2023,6,2023-06-01,332,138515,76269
H032,2023,7,2023-07-01,261,65330,42663
H032,2023,8,2023-08-01,167,103845,85634
H032,2023,9,2023-09-01,170,84964,62235
H032,2023,10,2023-10-01,209,66813,47943
H032,2023,11,2023-11-01,277,66950,38969
H032,2023,12,2023-12-01,238,149140,121911
H032,2024,1,2024-01-01,310,105377,82980
H032,2024,2,2024-02-01,208,138070,126377
H032,2024,3,2024-03-01,320,164615,138208
H032,2024,4,2024-04-01,227,164602,94905
H032,2024,5,2024-05-01,286,84548,46897
H032,2024,6,2024-06-01,248,92129,68580
H032,2024,7,2024-07-01,252,64727,38784
H032,2024,8,2024-08-01,235,83853,70576
H032,2024,9,2024-09-01,242,119566,98880
H032,2024,10,2024-10-01,217,109151,72056
H032,2024,11,2024-11-01,213,125499,91434
H032,2024,12,2024-12-01,307,138623,123793
H033,2023,1,2023-01-01,271,218300,152475
H033,2023,2,2023-02-01,339,250701,206919
H033,2023,3,2023-03-01,300,160723,116076
H033,2023,4,2023-04-01,251,282480,194445
H033,2023,5,2023-05-01,241,127068,102712
H033,2023,6,2023-06-01,306,166243,96202
H033,2023,7,2023-07-01,247,149631,122824
H033,2023,8,2023-08-01,261,147829,94190
H033,2023,9,2023-09-01,310,155999,128747
H033,2023,10,2023-10-01,193,163877,91937
H033,2023,11,2023-11-01,262,241676,170063
H033,2023,12,2023-12-01,204,119042,83947
H033,2024,1,2024-01-01,242,126725,108031
H033,2024,2,2024-02-01,311,178993,162889
H033,2024,3,2024-03-01,250,299042,202028
H033,2024,4,2024-04-01,394,233022,205218
H033,2024,5,2024-05-01,392,170158,159004
H033,2024,6,2024-06-01,264,173088,118765
H033,2024,7,2024-07-01,268,127484,98351
H033,2024,8,2024-08-01,252,200524,177154
H033,2024,9,2024-09-01,231,136348,89135
H033,2024,10,2024-10-01,201,107118,73587
H033,2024,11,2024-11-01,225,242014,187097
H033,2024,12,2024-12-01,257,202806,122835
H034,2023,1,2023-01-01,585,103045,97639
H034,2023,2,2023-02-01,760,129149,100445
H034,2023,3,2023-03-01,675,91048,64467
H034,2023,4,2023-04-01,448,115245,88417
H034,2023,5,2023-05-01,492,153348,140126
H034,2023,6,2023-06-01,621,106809,95913
H034,2023,7,2023-07-01,394,118592,71146
H034,2023,8,2023-08-01,560,74279,66913
H034,2023,9,2023-09-01,589,63581,46736
H034,2023,10,2023-10-01,614,89315,79974
H034,2023,11,2023-11-01,533,86631,57550
H034,2023,12,2023-12-01,450,125818,88653
H034,2024,1,2024-01-01,593,111146,86795
H034,2024,2,2024-02-01,755,162751,116046
H034,2024,3,2024-03-01,754,144952,112977
H034,2024,4,2024-04-01,788,89378,53064
H034,2024,5,2024-05-01,714,106389,94557
H034,2024,6,2024-06-01,677,67616,61083
H034,2024,7,2024-07-01,491,97031,77686
H034,2024,8,2024-08-01,598,55694,41254
H034,2024,9,2024-09-01,518,104180,86158
H034,2024,10,2024-10-01,372,75990,52698
H034,2024,11,2024-11-01,599,79196,50232
H034,2024,12,2024-12-01,698,63156,59943
H035,2023,1,2023-01-01,390,115459,97579
H035,2023,2,2023-02-01,561,236654,143682
H035,2023,3,2023-03-01,548,245460,199661
H035,2023,4,2023-04-01,542,253397,201562
H035,2023,5,2023-05-01,335,186959,108634
H035,2023,6,2023-06-01,391,162600,93723
H035,2023,7,2023-07-01,348,111916,97735
H035,2023,8,2023-08-01,456,100543,93710
H035,2023,9,2023-09-01,356,125365,72805
H035,2023,10,2023-10-01,360,188846,157277
H035,2023,11,2023-11-01,279,106964,76067
H035,2023,12,2023-12-01,363,138048,91443
H035,2024,1,2024-01-01,526,253668,180622
H035,2024,2,2024-02-01,581,170129,125993
H035,2024,3,2024-03-01,397,224703,211578
H035,2024,4,2024-04-01,496,175896,142322
H035,2024,5,2024-05-01,344,247540,185960
H035,2024,6,2024-06-01,401,187720,150159
H035,2024,7,2024-07-01,284,186217,120440
H035,2024,8,2024-08-01,406,192272,167581
H035,2024,9,2024-09-01,362,151715,92113
H035,2024,10,2024-10-01,419,124886,93499
H035,2024,11,2024-11-01,333,114883,92115
H035,2024,12,2024-12-01,303,210594,142579
H036,2023,1,2023-01-01,234,131965,109899
H036,2023,2,2023-02-01,250,214827,118483
H036,2023,3,2023-03-01,292,205106,138755
H036,2023,4,2023-04-01,258,150068,98768
H036,2023,5,2023-05-01,388,136746,118363
H036,2023,6,2023-06-01,370,141617,129434
H036,2023,7,2023-07-01,257,189672,111093
H036,2023,8,2023-08-01,290,129465,91280
H036,2023,9,2023-09-01,275,147833,81566
H036,2023,10,2023-10-01,208,152285,124348
H036,2023,11,2023-11-01,355,167205,155552
H036,2023,12,2023-12-01,336,125376,74240
H036,2024,1,2024-01-01,377,179287,102063
H036,2024,2,2024-02-01,310,230704,173065
H036,2024,3,2024-03-01,331,166145,105261
H036,2024,4,2024-04-01,312,151363,86419
H036,2024,5,2024-05-01,374,150012,131841
H036,2024,6,2024-06-01,363,115081,93554
H036,2024,7,2024-07-01,272,180386,114778
H036,2024,8,2024-08-01,288,141325,94422
H036,2024,9,2024-09-01,199,142524,120495
H036,2024,10,2024-10-01,232,145185,102798
H036,2024,11,2024-11-01,312,105036,95171
H036,2024,12,2024-12-01,261,133718,76652
H037,2023,1,2023-01-01,281,136202,75711
H037,2023,2,2023-02-01,318,98180,54758
H037,2023,3,2023-03-01,270,106938,79898
H037,2023,4,2023-04-01,323,115660,91146
H037,2023,5,2023-05-01,230,104297,97559
H037,2023,6,2023-06-01,307,114078,76973
H037,2023,7,2023-07-01,327,112572,85387
H037,2023,8,2023-08-01,340,60878,33895
H037,2023,9,2023-09-01,300,105770,63259
H037,2023,10,2023-10-01,227,53369,35614
H037,2023,11,2023-11-01,327,93726,64599
H037,2023,12,2023-12-01,280,60042,40223
H037,2024,1,2024-01-01,355,148118,131650
H037,2024,2,2024-02-01,245,148854,128502
H037,2024,3,2024-03-01,408,111014,78731
H037,2024,4,2024-04-01,302,73651,47231
H037,2024,5,2024-05-01,277,106014,90003
H037,2024,6,2024-06-01,299,64556,60238
H037,2024,7,2024-07-01,355,113479,107411
H037,2024,8,2024-08-01,271,119091,69101
H037,2024,9,2024-09-01,237,66253,41628
H037,2024,10,2024-10-01,207,95426,82307
H037,2024,11,2024-11-01,294,66302,57977
H037,2024,12,2024-12-01,328,90953,74549
H038,2023,1,2023-01-01,271,77958,57532
H038,2023,2,2023-02-01,281,114796,65994
H038,2023,3,2023-03-01,183,60742,48737
H038,2023,4,2023-04-01,221,69637,64983
H038,2023,5,2023-05-01,221,74316,55754
H038,2023,6,2023-06-01,223,57586,37999
H038,2023,7,2023-07-01,221,77986,59942
H038,2023,8,2023-08-01,168,48144,29671
H038,2023,9,2023-09-01,166,56824,32389
H038,2023,10,2023-10-01,211,104984,91048
H038,2023,11,2023-11-01,226,63952,59747
H038,2023,12,2023-12-01,165,118584,112409
H038,2024,1,2024-01-01,244,129704,100885
H038,2024,2,2024-02-01,195,93476,73605
H038,2024,3,2024-03-01,172,109995,103667
H038,2024,4,2024-04-01,185,121480,110930
H038,2024,5,2024-05-01,274,128130,97197
H038,2024,6,2024-06-01,259,105054,64573
H038,2024,7,2024-07-01,184,94662,61429
H038,2024,8,2024-08-01,190,85906,52839
H038,2024,9,2024-09-01,178,90144,67568
H038,2024,10,2024-10-01,124,46030,31890
H038,2024,11,2024-11-01,234,63094,50711
H038,2024,12,2024-12-01,168,74692,66417
H039,2023,1,2023-01-01,250,109420,81228
H039,2023,2,2023-02-01,301,128195,85320
H039,2023,3,2023-03-01,262,250814,237596
H039,2023,4,2023-04-01,199,223032,155830
H039,2023,5,2023-05-01,244,211248,193792
H039,2023,6,2023-06-01,308,173368,120117
H039,2023,7,2023-07-01,263,120958,93818
H039,2023,8,2023-08-01,193,159884,103310
H039,2023,9,2023-09-01,168,185241,109425
H039,2023,10,2023-10-01,212,110352,62411
H039,2023,11,2023-11-01,162,111801,100252
H039,2023,12,2023-12-01,211,222139,173856
H039,2024,1,2024-01-01,251,186788,141338
H039,2024,2,2024-02-01,317,152401,105342
H039,2024,3,2024-03-01,345,254859,231163
H039,2024,4,2024-04-01,261,225889,167278
H039,2024,5,2024-05-01,260,134068,105438
H039,2024,6,2024-06-01,197,141290,126032
H039,2024,7,2024-07-01,185,99226,57313
H039,2024,8,2024-08-01,267,142868,101974
H039,2024,9,2024-09-01,245,176089,120247
H039,2024,10,2024-10-01,235,172898,140369
H039,2024,11,2024-11-01,177,196467,150422
H039,2024,12,2024-12-01,211,153526,86746
H040,2023,1,2023-01-01,256,126046,95669
H040,2023,2,2023-02-01,282,195685,125326
H040,2023,3,2023-03-01,346,121822,78230
H040,2023,4,2023-04-01,270,168005,157376
H040,2023,5,2023-05-01,305,152678,129281
H040,2023,6,2023-06-01,412,117861,79105
H040,2023,7,2023-07-01,282,135983,119217
H040,2023,8,2023-08-01,240,98030,89283
H040,2023,9,2023-09-01,343,148216,126235
H040,2023,10,2023-10-01,277,117244,95484
H040,2023,11,2023-11-01,235,120352,100340
H040,2023,12,2023-12-01,272,153845,120538
H040,2024,1,2024-01-01,466,85620,56177
H040,2024,2,2024-02-01,408,118855,99335
H040,2024,3,2024-03-01,453,98540,74451
H040,2024,4,2024-04-01,387,127114,117347
H040,2024,5,2024-05-01,438,156369,130682
H040,2024,6,2024-06-01,333,167953,139037
H040,2024,7,2024-07-01,358,149843,98840
H040,2024,8,2024-08-01,351,82665,56884
H040,2024,9,2024-09-01,261,147675,131816
H040,2024,10,2024-10-01,332,129174,100087
H040,2024,11,2024-11-01,400,115867,81362
H040,2024,12,2024-12-01,272,154405,130283
H041,2023,1,2023-01-01,341,95878,79720
H041,2023,2,2023-02-01,382,157189,101228
H041,2023,3,2023-03-01,340,211102,162247
H041,2023,4,2023-04-01,381,106102,79780
H041,2023,5,2023-05-01,320,203065,126245
H041,2023,6,2023-06-01,311,152593,108130
H041,2023,7,2023-07-01,190,175018,107270
H041,2023,8,2023-08-01,203,106001,95248
H041,2023,9,2023-09-01,247,153996,100126
H041,2023,10,2023-10-01,246,134711,118967
H041,2023,11,2023-11-01,303,82580,67683
H041,2023,12,2023-12-01,193,152143,101183
H041,2024,1,2024-01-01,250,138885,110902
H041,2024,2,2024-02-01,268,196238,139684
H041,2024,3,2024-03-01,224,206607,137249
H041,2024,4,2024-04-01,286,189984,129755
H041,2024,5,2024-05-01,208,141525,131303
H041,2024,6,2024-06-01,286,166506,133689
H041,2024,7,2024-07-01,200,126589,107648
H041,2024,8,2024-08-01,174,104758,69195
H041,2024,9,2024-09-01,215,172285,99408
H041,2024,10,2024-10-01,232,94720,88872
H041,2024,11,2024-11-01,187,124993,105638
H041,2024,12,2024-12-01,296,137368,94592
H042,2023,1,2023-01-01,106,124597,81911
H042,2023,2,2023-02-01,118,149411,140060
H042,2023,3,2023-03-01,146,89395,51869
H042,2023,4,2023-04-01,172,111232,65273
H042,2023,5,2023-05-01,136,138805,112349
H042,2023,6,2023-06-01,103,71919,67316
H042,2023,7,2023-07-01,94,123991,103241
H042,2023,8,2023-08-01,111,86933,57240
H042,2023,9,2023-09-01,107,129124,119916
H042,2023,10,2023-10-01,79,74004,68667
H042,2023,11,2023-11-01,126,141987,89601
H042,2023,12,2023-12-01,126,136405,112131
H042,2024,1,2024-01-01,121,77342,60571
H042,2024,2,2024-02-01,115,127478,118941
H042,2024,3,2024-03-01,129,171855,107480
H042,2024,4,2024-04-01,149,183425,108359
H042,2024,5,2024-05-01,90,119599,70210
H042,2024,6,2024-06-01,137,156465,113219
H042,2024,7,2024-07-01,94,102982,86440
H042,2024,8,2024-08-01,73,109551,87127
H042,2024,9,2024-09-01,110,79261,66232
H042,2024,10,2024-10-01,78,77639,69951
H042,2024,11,2024-11-01,126,66406,43120
H042,2024,12,2024-12-01,99,95954,62276
H043,2023,1,2023-01-01,356,133261,109160
H043,2023,2,2023-02-01,246,175659,155527
H043,2023,3,2023-03-01,395,165281,152568
H043,2023,4,2023-04-01,337,98106,78162
H043,2023,5,2023-05-01,358,146146,110863
H043,2023,6,2023-06-01,215,102435,94066
H043,2023,7,2023-07-01,282,108885,71596
H043,2023,8,2023-08-01,233,130805,106813
H043,2023,9,2023-09-01,290,93534,75023
H043,2023,10,2023-10-01,214,115709,83430
H043,2023,11,2023-11-01,259,118266,109338
H043,2023,12,2023-12-01,214,143883,95963
H043,2024,1,2024-01-01,302,75819,50830
H043,2024,2,2024-02-01,329,83228,62124
H043,2024,3,2024-03-01,420,89880,76917
H043,2024,4,2024-04-01,310,145068,94888
H043,2024,5,2024-05-01,248,89427,51706
H043,2024,6,2024-06-01,236,129216,116640
H043,2024,7,2024-07-01,319,121293,72068
H043,2024,8,2024-08-01,221,84255,54764
H043,2024,9,2024-09-01,249,99841,69165
H043,2024,10,2024-10-01,230,125495,108643
H043,2024,11,2024-11-01,238,140618,130933
H043,2024,12,2024-12-01,260,100910,75909
H044,2023,1,2023-01-01,301,115776,72654
H044,2023,2,2023-02-01,373,138567,122654
H044,2023,3,2023-03-01,380,148090,107466
H044,2023,4,2023-04-01,327,88403,72442
H044,2023,5,2023-05-01,236,133405,85624
H044,2023,6,2023-06-01,209,78662,43326
H044,2023,7,2023-07-01,284,117847,89089
H044,2023,8,2023-08-01,188,62332,34759
H044,2023,9,2023-09-01,184,119868,77508
H044,2023,10,2023-10-01,215,63962,40868
H044,2023,11,2023-11-01,254,107938,69959
H044,2023,12,2023-12-01,199,98064,63121
H044,2024,1,2024-01-01,243,157973,125828
H044,2024,2,2024-02-01,317,113206,81686
H044,2024,3,2024-03-01,320,142958,118777
H044,2024,4,2024-04-01,246,121396,86771
H044,2024,5,2024-05-01,357,127628,97380
H044,2024,6,2024-06-01,209,116508,69541
H044,2024,7,2024-07-01,227,70979,58687
H044,2024,8,2024-08-01,194,85387,77554
H044,2024,9,2024-09-01,190,91885,65946
H044,2024,10,2024-10-01,168,115366,66637
H044,2024,11,2024-11-01,247,104196,83499
H044,2024,12,2024-12-01,302,86224,47767
H045,2023,1,2023-01-01,430,321538,285310
H045,2023,2,2023-02-01,372,233057,201972
H045,2023,3,2023-03-01,371,204327,182257
H045,2023,4,2023-04-01,462,261593,151797
H045,2023,5,2023-05-01,333,317885,289500
H045,2023,6,2023-06-01,273,155506,140101
H045,2023,7,2023-07-01,287,227439,213161
H045,2023,8,2023-08-01,214,231587,134237
H045,2023,9,2023-09-01,261,251396,181857
H045,2023,10,2023-10-01,376,216804,147093
H045,2023,11,2023-11-01,256,193767,135445
H045,2023,12,2023-12-01,246,213105,156780
H045,2024,1,2024-01-01,405,287845,239920
H045,2024,2,2024-02-01,265,208117,169547
H045,2024,3,2024-03-01,379,165335,144138
H045,2024,4,2024-04-01,437,279252,161012
H045,2024,5,2024-05-01,415,272905,235458
H045,2024,6,2024-06-01,383,295605,223833
H045,2024,7,2024-07-01,241,250221,199723
H045,2024,8,2024-08-01,331,152349,95673
H045,2024,9,2024-09-01,349,242686,221643
H045,2024,10,2024-10-01,334,223113,181090
H045,2024,11,2024-11-01,379,233961,187860
H045,2024,12,2024-12-01,264,232967,194890
H046,2023,1,2023-01-01,189,100102,63661
H046,2023,2,2023-02-01,213,175924,132439
H046,2023,3,2023-03-01,185,89316,73994
H046,2023,4,2023-04-01,207,166797,135740
H046,2023,5,2023-05-01,250,103175,85319
H046,2023,6,2023-06-01,169,158631,127626
H046,2023,7,2023-07-01,163,88567,55475
H046,2023,8,2023-08-01,192,79159,62386
H046,2023,9,2023-09-01,144,112716,98736
H046,2023,10,2023-10-01,201,123461,77174
H046,2023,11,2023-11-01,137,125874,87776
H046,2023,12,2023-12-01,189,73362,47966
H046,2024,1,2024-01-01,153,164482,106478
H046,2024,2,2024-02-01,231,83723,68379
H046,2024,3,2024-03-01,203,177981,161116
H046,2024,4,2024-04-01,200,175194,166165
H046,2024,5,2024-05-01,254,161018,104597
H046,2024,6,2024-06-01,207,76753,45128
H046,2024,7,2024-07-01,237,93530,79432
H046,2024,8,2024-08-01,203,131401,124706
H046,2024,9,2024-09-01,142,63092,45077
H046,2024,10,2024-10-01,134,63119,43815
H046,2024,11,2024-11-01,214,114340,77192
H046,2024,12,2024-12-01,216,92227,51255
H047,2023,1,2023-01-01,465,146856,129945
H047,2023,2,2023-02-01,452,256967,205533
H047,2023,3,2023-03-01,524,266225,208289
H047,2023,4,2023-04-01,546,294793,214290
H047,2023,5,2023-05-01,452,212061,136047
H047,2023,6,2023-06-01,395,290589,267823
H047,2023,7,2023-07-01,313,204646,129879
H047,2023,8,2023-08-01,422,260816,211209
H047,2023,9,2023-09-01,375,215638,169763
H047,2023,10,2023-10-01,238,181514,148825
H047,2023,11,2023-11-01,382,179891,166700
H047,2023,12,2023-12-01,299,216508,178912
H047,2024,1,2024-01-01,449,260348,171859
H047,2024,2,2024-02-01,335,271160,214140
H047,2024,3,2024-03-01,347,289763,212126
H047,2024,4,2024-04-01,465,310570,191898
H047,2024,5,2024-05-01,286,284633,225964
H047,2024,6,2024-06-01,418,275000,239559
H047,2024,7,2024-07-01,441,205968,153528
H047,2024,8,2024-08-01,306,136153,106069
H047,2024,9,2024-09-01,275,245989,192677
H047,2024,10,2024-10-01,343,166471,95020
H047,2024,11,2024-11-01,248,187933,109720
H047,2024,12,2024-12-01,397,282414,255066
H048,2023,1,2023-01-01,214,254865,160223
H048,2023,2,2023-02-01,211,169712,147828
H048,2023,3,2023-03-01,244,129987,118151
H048,2023,4,2023-04-01,198,282173,207680
H048,2023,5,2023-05-01,213,126551,86575
H048,2023,6,2023-06-01,121,250016,219211
H048,2023,7,2023-07-01,183,226255,132142
H048,2023,8,2023-08-01,132,103519,65663
H048,2023,9,2023-09-01,116,150160,98718
H048,2023,10,2023-10-01,108,115681,70439
H048,2023,11,2023-11-01,194,202306,189581
H048,2023,12,2023-12-01,158,149019,129544
H048,2024,1,2024-01-01,157,163469,105110
H048,2024,2,2024-02-01,144,164790,114055
H048,2024,3,2024-03-01,208,135409,85876
H048,2024,4,2024-04-01,219,146855,100897
H048,2024,5,2024-05-01,214,140966,82196
H048,2024,6,2024-06-01,162,152504,118246
H048,2024,7,2024-07-01,179,118913,93023
H048,2024,8,2024-08-01,143,112729,90138
H048,2024,9,2024-09-01,120,152466,88873
H048,2024,10,2024-10-01,139,133203,117079
H048,2024,11,2024-11-01,111,156640,114875
H048,2024,12,2024-12-01,186,191900,156760
H049,2023,1,2023-01-01,340,186577,165315
H049,2023,2,2023-02-01,521,249623,174383
H049,2023,3,2023-03-01,335,192058,162607
H049,2023,4,2023-04-01,401,187756,166218
H049,2023,5,2023-05-01,351,233187,166197
H049,2023,6,2023-06-01,320,162236,138708
H049,2023,7,2023-07-01,256,117964,109774
H049,2023,8,2023-08-01,250,154496,120773
H049,2023,9,2023-09-01,301,159749,102547
H049,2023,10,2023-10-01,320,131569,107184
H049,2023,11,2023-11-01,259,164638,102751
H049,2023,12,2023-12-01,309,130532,81339
H049,2024,1,2024-01-01,458,150027,138152
H049,2024,2,2024-02-01,517,201166,122148
H049,2024,3,2024-03-01,379,239839,167157
H049,2024,4,2024-04-01,303,198962,176687
H049,2024,5,2024-05-01,451,134009,109767
H049,2024,6,2024-06-01,297,130465,117370
H049,2024,7,2024-07-01,280,126294,69494
H049,2024,8,2024-08-01,379,180861,144857
H049,2024,9,2024-09-01,349,103317,75765
H049,2024,10,2024-10-01,282,98928,73647
H049,2024,11,2024-11-01,413,98475,65641
H049,2024,12,2024-12-01,294,133152,121617
H050,2023,1,2023-01-01,62,34198,25474
H050,2023,2,2023-02-01,54,53527,50841
H050,2023,3,2023-03-01,66,46428,40904
H050,2023,4,2023-04-01,45,31016,19595
H050,2023,5,2023-05-01,48,47662,37941
H050,2023,6,2023-06-01,62,44311,33255
H050,2023,7,2023-07-01,33,25536,19674
H050,2023,8,2023-08-01,41,48633,29873
H050,2023,9,2023-09-01,30,35846,23120
H050,2023,10,2023-10-01,31,45127,26834
H050,2023,11,2023-11-01,49,33544,20777
H050,2023,12,2023-12-01,46,54567,38569
H050,2024,1,2024-01-01,61,33102,28438
H050,2024,2,2024-02-01,47,56725,44036
H050,2024,3,2024-03-01,72,46002,26518
H050,2024,4,2024-04-01,40,62665,47618
H050,2024,5,2024-05-01,62,37221,25609
H050,2024,6,2024-06-01,35,60196,49188
H050,2024,7,2024-07-01,58,33038,26251
H050,2024,8,2024-08-01,48,32670,29051
H050,2024,9,2024-09-01,53,48875,41330
H050,2024,10,2024-10-01,37,31570,29528
H050,2024,11,2024-11-01,32,47696,39706
H050,2024,12,2024-12-01,53,61203,41296
